{
  "controller/App.controller.js": 1622777438795,
  "controller/OrderDetails.controller.js": 1623814591354,
  "model/json/Employees.json": 1623812206768,
  "model/json/Countries.json": 1623812207435,
  "manifest.json": 1623814824244,
  "model/models.js": 1620274306081,
  "model/formatter.js": 1622215533542,
  "model/json/Layout.json": 1623812206110,
  "controller/MasterEmployee.controller.js": 1623692028110,
  "controller/Main.controller.js": 1623812356959,
  "controller/EmployeeDetails.controller.js": 1623797284864,
  "controller/Base.controller.js": 1623692102732,
  "i18n/i18n.properties": 1623787348292,
  "control/Signature.js": 1623796211179,
  "Component.js": 1623798428005,
  "manifest-bundle.zip": 1623814823696,
  "Component-preload.js": 1623814824148,
  "controller/Main-dbg.controller.js": 1623812356959,
  "model/formatter-dbg.js": 1622215533542,
  "controller/OrderDetails-dbg.controller.js": 1623814591354,
  "controller/MasterEmployee-dbg.controller.js": 1623692028110,
  "model/models-dbg.js": 1620274306081,
  "controller/EmployeeDetails-dbg.controller.js": 1623797284864,
  "controller/Base-dbg.controller.js": 1623692102732,
  "controller/App-dbg.controller.js": 1622777438795,
  "control/Signature-dbg.js": 1623796211179,
  "Component-dbg.js": 1623798428005,
  "resources.json": 1623814824248,
  "view/OrderDetails.view.xml": 1623814455829,
  "view/MasterEmployee.view.xml": 1621915379347,
  "view/Main.view.xml": 1622777438803,
  "view/EmployeeDetails.view.xml": 1622692068618,
  "view/App.view.xml": 1622777438795,
  "fragment/TableOrders.fragment.xml": 1622778286683,
  "fragment/TableEmployee.fragment.xml": 1622216531548,
  "fragment/NewIncidence.fragment.xml": 1622689576524,
  "fragment/DialogOrders.fragment.xml": 1622692077203,
  "css/style.css": 1621915379323,
  "index.html": 1623687114337
}